op,n,m,match,counter,seconds,out_tuples
select,1000,1000,1.0,1000,0.000165,488
project,1000,1000,1.0,1000,0.000989,620
select,2000,2000,1.0,2000,0.000322,1010
project,2000,2000,1.0,2000,0.002033,1259
select,4000,4000,1.0,4000,0.000634,2005
project,4000,4000,1.0,4000,0.003931,2560
select,8000,8000,1.0,8000,0.001345,3985
project,8000,8000,1.0,8000,0.011969,5076
select,16000,16000,1.0,16000,0.002655,8008
project,16000,16000,1.0,16000,0.017125,10116
select,32000,32000,1.0,32000,0.006084,15950
project,32000,32000,1.0,32000,0.037067,20256
select,64000,64000,1.0,64000,0.014240,31870
project,64000,64000,1.0,64000,0.075859,40443
join,1000,1000,1.0,1000000,0.128149,974
join,2000,2000,1.0,4000000,0.514889,1910
join,4000,4000,1.0,16000000,2.070358,3971
join,8000,8000,1.0,64000000,8.716825,8076
join,16000,16000,1.0,256000000,58.599539,15988
join,32000,32000,1.0,1024000000,231.830477,32132
join,64000,64000,1.0,4096000000,1029.716927,63932
join,4000,4000,2,16000000,2.086637,8046
join,4000,4000,4,16000000,2.121045,16053
join,4000,4000,8,16000000,2.385487,32022
join,4000,4000,16,16000000,3.571645,63964
